ERR2784728_merged	health
ERR2784729_merged	health
ERR2784730_merged	health
ERR2784731_merged	health
ERR2784741_merged	health
ERR2784742_merged	health
ERR2784743_merged	health
ERR2784752_merged	health
ERR2784753_merged	health
ERR2784754_merged	health
ERR2784755_merged	health
ERR2784756_merged	health
ERR2784757_merged	health
ERR2784759_merged	health
ERR2784760_merged	health
ERR2784761_merged	health
ERR2784762_merged	health
ERR2784763_merged	health
ERR2784780_merged	health
ERR2784781_merged	health
ERR2784782_merged	health
ERR2784783_merged	health
ERR2784796_merged	health
ERR2784797_merged	health
ERR2784798_merged	health
ERR2784799_merged	health
ERR2784800_merged	health
ERR2784801_merged	health
ERR2784802_merged	health
ERR2784803_merged	health
ERR2784804_merged	health
ERR2784805_merged	health
ERR2784806_merged	health
ERR2784807_merged	health
ERR2784808_merged	health
ERR2784809_merged	health
ERR2784810_merged	health
ERR2784811_merged	health
ERR2784816_merged	health
ERR2784817_merged	health
ERR2784818_merged	health
ERR2784824_merged	health
ERR2784826_merged	health
ERR2784827_merged	health
SRR11047625_merged	disease
SRR11047626_merged	disease
SRR11047627_merged	disease
SRR11047628_merged	disease
SRR11047629_merged	disease
SRR11047631_merged	disease
SRR11047632_merged	disease
SRR11047633_merged	disease
SRR11047634_merged	disease
SRR11047635_merged	disease
SRR11047636_merged	disease
SRR11047637_merged	disease
SRR11047639_merged	disease
SRR11047640_merged	disease
SRR11047641_merged	disease
SRR11047642_merged	disease
SRR11047643_merged	disease
SRR11047644_merged	disease
SRR11047645_merged	disease
SRR11047647_merged	disease
SRR11047648_merged	disease
SRR11047649_merged	disease
SRR11047650_merged	disease
SRR11047651_merged	disease
SRR11047653_merged	disease
SRR11047654_merged	disease
SRR11047655_merged	disease
SRR11047656_merged	disease
SRR11047657_merged	disease
SRR11047658_merged	disease
SRR11047659_merged	disease
SRR11047660_merged	disease
SRR11047661_merged	disease
SRR11047662_merged	disease
SRR11047663_merged	disease
SRR11047664_merged	disease
SRR11047665_merged	disease
SRR11047666_merged	disease
SRR11047668_merged	disease
SRR11047669_merged	disease
SRR11047670_merged	disease
SRR11047671_merged	disease
SRR11047672_merged	disease
SRR11047673_merged	disease
